WT,A_425,C_425,G_425,T_425,N_425,del_425,position,offset_position,A_426,C_426,G_426,T_426,N_426,del_426,A_avg,C_avg,G_avg,T_avg,N_avg,del_avg
G,0.0016809144174430891,0.0007924310825088848,0.9947891653059264,0.0024013063106329844,0.0,0.0003361828834886178,0,-167,0.0015841215114382893,0.000388265076332914,0.9946574725496591,0.0030129369923434127,0.0,0.0003572038702262809,0.0016325179644406892,0.0005903480794208994,0.9947233189277928,0.0027071216514881983,0.0,0.00034669337685744935
C,0.00302564595139756,0.9944169628277784,0.0011406204975506675,0.0011766400922101623,0.0,0.00024013063106329843,1,-166,0.002376182267157434,0.9952631660687384,0.0010716116106788427,0.0011026728167854757,0.0,0.0001863672366397987,0.002700914109277497,0.9948400644482585,0.001106116054114755,0.001139656454497819,0.0,0.00021324893385154858
A,0.9945370281433099,0.0009965421189126885,0.0033017961771203536,0.0009725290558063586,0.0,0.00019210450485063874,2,-165,0.9944866359160727,0.0010871422137321593,0.00338567146562301,0.0008697137709857273,0.0,0.00017083663358648216,0.9945118320296913,0.001041842166322424,0.003343733821371682,0.000921121413396043,0.0,0.00018147056921856045
G,0.002905580635865911,0.0008404572087215446,0.9945370281433099,0.00151282297569878,0.0,0.00020411103640380368,3,-164,0.0033080184503564273,0.0007299383435058783,0.9936945751603534,0.0020811008091444192,0.0,0.0001863672366397987,0.0031067995431111693,0.0007851977761137114,0.9941158016518317,0.0017969618924215996,0.0,0.00019523913652180118
A,0.9973705695898569,0.00018009797329747383,0.0019090385169532225,0.00037220247814811255,0.0,0.0001680914417443089,4,-163,0.9968472875801767,0.00032614266411964775,0.0021276926183043687,0.0005901629160260293,0.0,0.00010871422137321592,0.9971089285850168,0.0002531203187085608,0.002018365567628796,0.00048118269708707093,0.0,0.00013840283155876242
A,0.9970463932379214,0.00025213716261646336,0.0020651234271443666,0.0004202286043607723,0.0,0.00021611756795696858,5,-162,0.9966453897404837,0.00029508145801301466,0.002500427091583966,0.00043485688549286367,0.0,0.0001242448244265325,0.9968458914892026,0.00027360931031473904,0.0022827752593641663,0.000427542744926818,0.0,0.00017018119619175055
A,0.9934084141773124,0.00032417635193545286,0.003229756987801364,0.0005763135145519162,0.0,0.002461338968398809,6,-161,0.9929646368168475,0.0004659180915994968,0.003276957244249794,0.0005125099007594465,0.0,0.002779977946543664,0.99318652549708,0.00039504722176747487,0.003253357116025579,0.0005444117076556813,0.0,0.0026206584574712368
G,0.0014647968494861205,0.0002881567572759581,0.9957496878301796,0.0018850254538468926,0.0,0.000612333109211411,7,-160,0.001630713320598239,0.0001863672366397987,0.995045737625992,0.0027023249312770814,0.0,0.00043485688549286367,0.0015477550850421797,0.0002372619969578784,0.9953977127280857,0.002293675192561987,0.0,0.0005235949973521373
T,0.0012967054077418114,0.0015728556334646047,0.00392613581788493,0.992724041878782,0.0,0.00048026126212659685,8,-159,0.0013666930686918573,0.0018636723663979873,0.0039447731755424065,0.9924831881221948,0.0,0.00034167326717296433,0.0013316992382168343,0.001718263999931296,0.003935454496713668,0.9926036150004884,0.0,0.0004109672646497806
C,0.001392757660167131,0.9965541254442417,0.0006483527038709057,0.0011886466237633272,0.0,0.00021611756795696858,9,-158,0.0015064684961717063,0.9960241656183509,0.0006833465343459287,0.0015685909083849726,0.0,0.00021742844274643184,0.0014496130781694186,0.9962891455312963,0.0006658496191084171,0.00137861876607415,0.0,0.00021677300535170022
A,0.9944649889539909,0.0010085486504658534,0.003505907213524157,0.0007804245509557199,0.0,0.00024013063106329843,10,-157,0.9942381462672195,0.0009784279923589433,0.0034788550839429094,0.0009473667862523102,0.0,0.0003572038702262809,0.9943515676106052,0.0009934883214123983,0.0034923811487335334,0.000863895668604015,0.0,0.00029866725064478966
G,0.0017169340121025837,0.00025213716261646336,0.9958697531457112,0.0019210450485063874,0.0,0.00024013063106329843,11,-156,0.001630713320598239,0.00017083663358648216,0.9951544518473653,0.0028421003587569306,0.0,0.0002018978396931153,0.0016738236663504113,0.00021148689810147276,0.9955121024965383,0.0023815727036316592,0.0,0.00022101423537820684
T,0.0016088752281240995,0.0025213716261646337,0.004358370953798867,0.991259245029296,0.0,0.00025213716261646336,12,-155,0.0015064684961717063,0.0021432232213576853,0.004954262374007983,0.9912407398779295,0.0,0.00015530603053316562,0.001557671862147903,0.0023322974237611595,0.004656316663903424,0.9912499924536127,0.0,0.00020372159657481447
C,0.0007804245509557199,0.9971424454903467,0.0006003265776582461,0.001380751128613966,0.0,9.605225242531937e-05,13,-154,0.0009473667862523102,0.9965211449160571,0.0008075913587724611,0.001661774526704872,0.0,6.212241221326625e-05,0.000863895668604015,0.996831795203202,0.0007039589682153536,0.001521262827659419,0.0,7.908733231929281e-05
C,0.0006723657669772356,0.997814811257324,0.00048026126212659685,0.0009725290558063586,0.0,6.0032657765824606e-05,14,-153,0.000636754725185979,0.9974063892900962,0.0006522853282392955,0.001242448244265325,0.0,6.212241221326625e-05,0.0006545602460816073,0.9976106002737101,0.0005662732951829462,0.0011074886500358418,0.0,6.107753498954543e-05
C,0.0011406204975506675,0.996506099318029,0.0005282873883392566,0.0012967054077418114,0.0,0.0005282873883392566,15,-152,0.0011182034198387923,0.9965211449160571,0.0005901629160260293,0.001273509450371958,0.0,0.00049697929770613,0.0011294119586947298,0.9965136221170431,0.000559225152182643,0.0012851074290568848,0.0,0.0005126333430226933
A,0.9957376812986265,0.0006963788300835655,0.002257227931995005,0.001236672749975987,0.0,7.203918931898953e-05,16,-151,0.994750656167979,0.0011182034198387923,0.0025625495037972326,0.0014754072900650733,0.0,9.318361831989936e-05,0.9952441687333027,0.000907291124961179,0.002409888717896119,0.0013560400200205301,0.0,8.261140381944445e-05
T,0.00224522140044184,0.0014647968494861205,0.005354913072711555,0.9908870425511478,0.0,4.8026126212659685e-05,17,-150,0.0020811008091444192,0.0013201012595319076,0.005668670114460544,0.9908835360077032,0.0,4.659180915994968e-05,0.0021631611047931297,0.001392449054509014,0.0055117915935860495,0.9908852892794255,0.0,4.730896768630468e-05
G,0.0011406204975506675,0.00010805878397848429,0.995845740082605,0.002905580635865911,0.0,0.0,18,-149,0.001056081007625526,0.0002329590457997484,0.9955271863206449,0.003152712419823262,0.0,3.106120610663312e-05,0.0010983507525880968,0.00017050891488911636,0.9956864632016249,0.0030291465278445865,0.0,1.553060305331656e-05
G,0.0017049274805494188,0.00034818941504178273,0.9959658053981366,0.0018730189222937279,0.0,0.00010805878397848429,19,-148,0.001770488748078088,0.000248489648853065,0.9958533289847645,0.002003447793877836,0.0,0.0001242448244265325,0.0017377081143137535,0.00029833953194742383,0.9959095671914506,0.001938233358085782,0.0,0.0001161518042025084
A,0.9951133416578619,0.00030016328882912305,0.00395014888099126,0.000624339640764576,0.0,1.2006531553164921e-05,20,-147,0.994750656167979,0.00031061206106633123,0.0039447731755424065,0.0009628973893056268,0.0,3.106120610663312e-05,0.9949319989129204,0.0003053876749477271,0.003947461028266833,0.0007936185150351014,0.0,2.1533868829899022e-05
A,0.99548554413601,0.00034818941504178273,0.0023292671213139948,0.0018129862645279032,0.0,2.4013063106329843e-05,21,-146,0.9957446147633913,0.0003572038702262809,0.0022053456335709514,0.001630713320598239,0.0,6.212241221326625e-05,0.9956150794497006,0.0003526966426340318,0.0022673063774424733,0.001721849792563071,0.0,4.3067737659798044e-05
T,0.0009965421189126885,0.00046825473057343197,0.0023772932475266545,0.9961579099029872,0.0,0.0,22,-145,0.0010094891984655764,0.0004659180915994968,0.002873161564863564,0.9956514311450714,0.0,0.0,0.0010030156586891324,0.00046708641108646437,0.002625227406195109,0.9959046705240293,0.0,0.0
T,0.00045624819902026704,0.0008644702718278743,0.0022092018057823454,0.9964700797233695,0.0,0.0,23,-144,0.000636754725185979,0.0009628973893056268,0.0019257947786112536,0.9964745531068971,0.0,0.0,0.000546501462103123,0.0009136838305667506,0.0020674982921967994,0.9964723164151333,0.0,0.0
T,0.0004442416674671021,0.0006723657669772356,0.0022092018057823454,0.9966741907597734,0.0,0.0,24,-143,0.00043485688549286367,0.0005901629160260293,0.00239171287021075,0.9965832673282704,0.0,0.0,0.0004395492764799829,0.0006312643415016324,0.002300457337996548,0.9966287290440219,0.0,0.0
T,0.0004202286043607723,0.001392757660167131,0.001981077706272212,0.9959537988665834,0.0,0.00025213716261646336,25,-142,0.0004814486946528134,0.001553060305331656,0.0021276926183043687,0.9955427169236981,0.0,0.00029508145801301466,0.0004508386495067928,0.0014729089827493934,0.00205438516228829,0.9957482578951408,0.0,0.00027360931031473904
C,0.0005162808567860917,0.9972745173374316,0.0008764768033810393,0.0013207184708481413,0.0,1.2006531553164921e-05,26,-141,0.0006056935190793458,0.9973442668778829,0.0005901629160260293,0.0014598766870117567,0.0,0.0,0.0005609871879327187,0.9973093921076572,0.0007333198597035343,0.001390297578929949,0.0,6.003265776582461e-06
G,0.0011886466237633272,0.0011646335606569974,0.9958097204879455,0.0018249927960810681,0.0,1.2006531553164921e-05,27,-140,0.0010094891984655764,0.0012269176412120083,0.9957912065725512,0.0019723865877712033,0.0,0.0,0.0010990679111144517,0.0011957756009345027,0.9958004635302483,0.0018986896919261356,0.0,6.003265776582461e-06
C,0.0009004898664873691,0.9957977139563923,0.0011286139659975026,0.0021371626164633562,0.0,3.6019594659494764e-05,28,-139,0.0009628973893056268,0.9954650639084316,0.0011803258320520586,0.002376182267157434,0.0,1.553060305331656e-05,0.000931693627896498,0.995631388932412,0.0011544698990247806,0.002256672441810395,0.0,2.5775098856405663e-05
T,0.0007444049562962251,0.0017529536067620785,0.0014647968494861205,0.9960378445874556,0.0,0.0,29,-138,0.0004814486946528134,0.0014288154809051236,0.0011492646259454254,0.9969404711984966,0.0,0.0,0.0006129268254745192,0.001590884543833601,0.0013070307377157728,0.9964891578929761,0.0,0.0
T,0.0012726923446354818,0.002161175679569686,0.0016448948227835943,0.9948251849005859,0.0,9.605225242531937e-05,30,-137,0.0010094891984655764,0.0024227740763173833,0.0018792029694513037,0.9946419419466058,0.0,4.659180915994968e-05,0.0011410907715505292,0.0022919748779435347,0.001762048896117449,0.9947335634235959,0.0,7.132203079263452e-05
C,0.0007203918931898953,0.9976227067524733,0.0005402939198924215,0.0010925943713380078,0.0,2.4013063106329843e-05,31,-136,0.0006988771373992452,0.9975616953206293,0.00049697929770613,0.001242448244265325,0.0,0.0,0.0007096345152945703,0.9975922010365513,0.0005186366087992758,0.0011675213078016665,0.0,1.2006531553164921e-05
C,0.0010925943713380078,0.9980549418883873,0.00030016328882912305,0.0005282873883392566,0.0,2.4013063106329843e-05,32,-135,0.0009784279923589433,0.9982605724580286,0.0002795508549596981,0.0004659180915994968,0.0,1.553060305331656e-05,0.0010355111818484755,0.9981577571732079,0.0002898570718944106,0.0004971027399693767,0.0,1.9771833079823202e-05
C,0.0019450581116127173,0.9964820862549226,0.00037220247814811255,0.0007203918931898953,0.0,0.00048026126212659685,33,-134,0.001521999099225023,0.9967696345649102,0.000388265076332914,0.0008075913587724611,0.0,0.0005125099007594465,0.0017335286054188702,0.9966258604099164,0.00038023377724051327,0.0007639916259811782,0.0,0.0004963855814430217
A,0.9921597348957834,0.0032777831140140237,0.0032777831140140237,0.001224666218422822,0.0,6.0032657765824606e-05,34,-133,0.9909922502290764,0.0039447731755424065,0.0035099162900495426,0.001521999099225023,0.0,3.106120610663312e-05,0.9915759925624299,0.0036112781447782153,0.0033938497020317834,0.0013733326588239226,0.0,4.5546931936228865e-05
C,0.002593410815483623,0.9960498511190088,0.0004202286043607723,0.0009004898664873691,0.0,3.6019594659494764e-05,35,-132,0.0022519374427309013,0.9962571246641507,0.00041932628243954715,0.001025019801518893,0.0,4.659180915994968e-05,0.002422674129107262,0.9961534878915798,0.0004197774434001597,0.000962754834003131,0.0,4.1305701909722224e-05
A,0.9958217270194986,0.000624339640764576,0.0029776198251849004,0.0005523004514455864,0.0,2.4013063106329843e-05,36,-131,0.9952786966717918,0.0008231219618257777,0.0031837736259298947,0.0006678159312926121,0.0,4.659180915994968e-05,0.9955502118456452,0.0007237308012951768,0.0030806967255573975,0.0006100581913690993,0.0,3.530243613313976e-05
G,0.0012126596868696571,0.000312169820382288,0.9974426087791759,0.0010205551820190184,0.0,1.2006531553164921e-05,37,-130,0.0013511624656385407,0.0002018978396931153,0.997251083259563,0.0011803258320520586,0.0,1.553060305331656e-05,0.001281911076254099,0.00025703383003770165,0.9973468460193695,0.0011004405070355384,0.0,1.3768567303240741e-05
G,0.0011166074344443376,0.000312169820382288,0.9956536355777543,0.0028815675727595813,0.0,3.6019594659494764e-05,38,-129,0.001164795228998742,0.00029508145801301466,0.9958067371756045,0.002717855534330398,0.0,1.553060305331656e-05,0.0011407013317215398,0.0003036256391976513,0.9957301863766794,0.0027997115535449897,0.0,2.5775098856405663e-05
T,0.0007804245509557199,0.0016448948227835943,0.0021011430218038614,0.9954375180097973,0.0,3.6019594659494764e-05,39,-128,0.0007454689465591948,0.0017549581450247713,0.0024538352824240166,0.995045737625992,0.0,0.0,0.0007629467487574573,0.0016999264839041828,0.0022774891521139392,0.9952416278178946,0.0,1.8009797329747382e-05
C,0.0007804245509557199,0.9959658053981366,0.0012006531553164922,0.002017097300931707,0.0,3.6019594659494764e-05,40,-127,0.0006212241221326625,0.9955737781298047,0.00144434608395844,0.002329590457997484,0.0,3.106120610663312e-05,0.0007008243365441912,0.9957697917639707,0.001322499619637466,0.0021733438794645952,0.0,3.3540400383063944e-05
T,0.001080587839784843,0.0025333781577177986,0.0041902795120545575,0.9921837479588896,0.0,1.2006531553164921e-05,41,-126,0.0012113870381586917,0.0022053456335709514,0.0036962835266893413,0.992840391992421,0.0,4.659180915994968e-05,0.0011459874389717674,0.002369361895644375,0.00394328151937195,0.9925120699756553,0.0,2.92991703565573e-05
C,0.0005402939198924215,0.9979468831044088,0.000612333109211411,0.0008284506771683796,0.0,7.203918931898953e-05,42,-125,0.0005591017099193962,0.9972200220534564,0.0008541831679324108,0.0012890400534252746,0.0,7.765301526658281e-05,0.0005496978149059088,0.9975834525789327,0.000733258138571911,0.0010587453652968271,0.0,7.484610229278616e-05
T,0.00034818941504178273,0.001224666218422822,0.0032777831140140237,0.995053309000096,0.0,9.605225242531937e-05,43,-124,0.00041932628243954715,0.001382223671745174,0.00288869216791688,0.9952321048626318,0.0,7.765301526658281e-05,0.00038375784874066497,0.001303444945083998,0.0030832376409654517,0.9951427069313639,0.0,8.68526338459511e-05
G,0.0006363461723177409,0.00037220247814811255,0.9976587263471328,0.0013207184708481413,0.0,1.2006531553164921e-05,44,-123,0.0006833465343459287,0.00021742844274643184,0.9976393483358958,0.0014288154809051236,0.0,3.106120610663312e-05,0.0006598463533318348,0.0002948154604472722,0.9976490373415143,0.0013747669758766325,0.0,2.1533868829899022e-05
C,0.0005643069829987513,0.9966741907597734,0.0018850254538468926,0.0008524637402747094,0.0,2.4013063106329843e-05,45,-122,0.00043485688549286367,0.9968938793893367,0.0017860193511314044,0.0008697137709857273,0.0,1.553060305331656e-05,0.0004995819342458075,0.996784035074555,0.0018355224024891484,0.0008610887556302184,0.0,1.9771833079823202e-05
T,0.0008164441456152147,0.0013087119392949764,0.0033378157717798484,0.9944890020170973,0.0,4.8026126212659685e-05,46,-121,0.0007144077404525618,0.0012269176412120083,0.0034167326717296433,0.9945953501374458,0.0,4.659180915994968e-05,0.0007654259430338883,0.0012678147902534923,0.003377274221754746,0.9945421760772716,0.0,4.730896768630468e-05
A,0.9922557871482086,0.00046825473057343197,0.0058952069926039765,0.001248679281529152,0.0,0.00013207184708481415,47,-120,0.9936945751603534,0.0006988771373992452,0.004690242122101601,0.0008697137709857273,0.0,4.659180915994968e-05,0.9929751811542811,0.0005835659339863385,0.005292724557352789,0.0010591965262574396,0.0,8.933182812238191e-05
G,0.0011766400922101623,0.000156084910191144,0.997814811257324,0.0008404572087215446,0.0,1.2006531553164921e-05,48,-119,0.0007920607557191446,0.0002329590457997484,0.9980120828091755,0.0009628973893056268,0.0,0.0,0.0009843504239646535,0.0001945219779954462,0.9979134470332498,0.0009016772990135856,0.0,6.003265776582461e-06
G,0.0008164441456152147,4.8026126212659685e-05,0.9982830659878974,0.0008524637402747094,0.0,0.0,49,-118,0.0008541831679324108,0.00021742844274643184,0.9976704095420025,0.0012579788473186413,0.0,0.0,0.0008353136567738127,0.00013272728447954576,0.99797673776495,0.0010552212937966754,0.0,0.0
G,0.0006963788300835655,0.00019210450485063874,0.9979588896359619,0.0011526270291038324,0.0,0.0,50,-117,0.0008231219618257777,0.00017083663358648216,0.9982761030610818,0.0007299383435058783,0.0,0.0,0.0007597503959546716,0.00018147056921856045,0.9981174963485219,0.0009412826863048554,0.0,0.0
G,0.0006723657669772356,0.00018009797329747383,0.9982830659878974,0.0008644702718278743,0.0,0.0,51,-116,0.001133734022892109,0.000248489648853065,0.9978101849694824,0.0008075913587724611,0.0,0.0,0.0009030498949346723,0.0002142938110752694,0.9980466254786899,0.0008360308153001677,0.0,0.0
G,0.0008524637402747094,0.0003962155412544424,0.9964940927864758,0.0009365094611468639,0.0,0.0013207184708481413,52,-115,0.0011026728167854757,0.0003727344732795974,0.9960241656183509,0.001056081007625526,0.0,0.00144434608395844,0.0009775682785300925,0.0003844750072670199,0.9962591292024134,0.000996295234386195,0.0,0.0013825322774032906
C,0.0004202286043607723,0.9930001921045049,0.00539093266737105,0.0011646335606569974,0.0,2.4013063106329843e-05,53,-114,0.00045038748854618025,0.9919240864122754,0.006445200267126372,0.0011492646259454254,0.0,3.106120610663312e-05,0.0004353080464534763,0.9924621392583901,0.0059180664672487115,0.0011569490933012114,0.0,2.7537134606481483e-05
T,0.00021611756795696858,0.001224666218422822,0.009365094611468639,0.9891220824128326,0.0,7.203918931898953e-05,54,-113,0.000248489648853065,0.0013977542747984904,0.009504729068629736,0.9887869045955054,0.0,6.212241221326625e-05,0.0002323036084050168,0.001311210246610656,0.009434911840049187,0.988954493504169,0.0,6.708080076612789e-05
G,0.0008044376140620498,7.203918931898953e-05,0.9979468831044088,0.0011766400922101623,0.0,0.0,55,-112,0.0007609995496125115,7.765301526658281e-05,0.9976704095420025,0.0014754072900650733,0.0,1.553060305331656e-05,0.0007827185818372806,7.484610229278616e-05,0.9978086463232057,0.0013260236911376178,0.0,7.76530152665828e-06
G,0.0005643069829987513,4.8026126212659685e-05,0.998763327250024,0.000624339640764576,0.0,0.0,56,-111,0.0005901629160260293,3.106120610663312e-05,0.9985867151221481,0.0007920607557191446,0.0,0.0,0.0005772349495123903,3.9543666159646404e-05,0.9986750211860861,0.0007082001982418603,0.0,0.0
G,0.0008284506771683796,0.00010805878397848429,0.9986672749975987,0.0003962155412544424,0.0,0.0,57,-110,0.00049697929770613,0.0001242448244265325,0.9988817965801612,0.00049697929770613,0.0,0.0,0.0006627149874372548,0.0001161518042025084,0.99877453578888,0.0004465974194802862,0.0,0.0
G,0.0005402939198924215,3.6019594659494764e-05,0.9971784650850063,0.001224666218422822,0.0,0.0010205551820190184,58,-109,0.0008231219618257777,0.00015530603053316562,0.9966453897404837,0.001521999099225023,0.0,0.0008541831679324108,0.0006817079408590995,9.56628125963302e-05,0.9969119274127449,0.0013733326588239226,0.0,0.0009373691749757147
T,0.00025213716261646336,0.0009124963980405341,0.007864278167323024,0.99097108827202,0.0,0.0,59,-108,0.00013977542747984904,0.0010094891984655764,0.007796362732764913,0.9910543726412897,0.0,0.0,0.00019595629504815621,0.0009609927982530552,0.007830320450043969,0.9910127304566548,0.0,0.0
T,0.0001680914417443089,0.0013567380655076361,0.008992892133320527,0.9893622130438959,0.0,0.00012006531553164921,60,-107,0.00021742844274643184,0.0012113870381586917,0.008992219167870288,0.989501312335958,0.0,7.765301526658281e-05,0.00019275994224537035,0.001284062551833164,0.008992555650595407,0.9894317626899269,0.0,9.8859165399116e-05
G,0.0008644702718278743,0.00032417635193545286,0.9978748439150898,0.000924502929593699,0.0,1.2006531553164921e-05,61,-106,0.0007144077404525618,0.00013977542747984904,0.9981207970305487,0.001025019801518893,0.0,0.0,0.0007894390061402181,0.00023197588970765096,0.9979978204728193,0.0009747613655562959,0.0,6.003265776582461e-06
G,0.0007804245509557199,9.605225242531937e-05,0.9987393141869176,0.0003842090097012775,0.0,0.0,62,-105,0.0006678159312926121,4.659180915994968e-05,0.9988352047710013,0.00045038748854618025,0.0,0.0,0.000724120241124166,7.132203079263452e-05,0.9987872594789595,0.0004172982491237289,0.0,0.0
G,0.0005042743252329267,0.00012006531553164921,0.9988953990971088,0.00048026126212659685,0.0,0.0,63,-104,0.000776530152665828,0.00010871422137321592,0.9985090621068816,0.0005901629160260293,0.0,1.553060305331656e-05,0.0006404022389493774,0.00011438976845243257,0.9987022306019953,0.0005352120890763131,0.0,7.76530152665828e-06
G,0.0007444049562962251,0.00014407837863797906,0.9971784650850063,0.0011286139659975026,0.0,0.0008044376140620498,64,-103,0.0005591017099193962,0.00010871422137321592,0.9974374504962028,0.0012579788473186413,0.0,0.000636754725185979,0.0006517533331078106,0.0001263963000055975,0.9973079577906045,0.001193296406658072,0.0,0.0007205961696240144
T,0.0006003265776582461,0.0016088752281240995,0.011322159254634522,0.9864446258764769,0.0,2.4013063106329843e-05,65,-102,0.0002640202519063815,0.001692835732811505,0.012657441488452997,0.9853857025268291,0.0,0.0,0.0004321734147823138,0.0016508554804678024,0.01198980037154376,0.985915164201653,0.0,1.2006531553164921e-05
G,0.000312169820382288,0.9899985592162136,0.008800787628469888,0.0008884833349342042,0.0,0.0,66,-101,0.00021742844274643184,0.9889888024351986,0.009644504496109584,0.0011492646259454254,0.0,0.0,0.0002647991315643599,0.9894936808257061,0.009222646062289737,0.0010188739804398148,0.0,0.0
G,0.0016809144174430891,0.00030016328882912305,0.997310536932091,0.0007083853616367304,0.0,0.0,67,-100,0.0014909378931183897,0.0004659180915994968,0.9974374504962028,0.0006056935190793458,0.0,0.0,0.0015859261552807393,0.00038304069021430993,0.9973739937141469,0.0006570394403580381,0.0,0.0
G,0.0005883200461050812,6.0032657765824606e-05,0.998547209682067,0.0006003265776582461,0.0,0.00020411103640380368,68,-99,0.0008386525648790943,0.00010871422137321592,0.9983848172824551,0.0004814486946528134,0.0,0.0001863672366397987,0.0007134863054920877,8.437343956952027e-05,0.998466013482261,0.0005408876361555297,0.0,0.00019523913652180118
G,0.0006843722985304005,7.203918931898953e-05,0.9983671117087696,0.0006723657669772356,0.0,0.00020411103640380368,69,-98,0.0005125099007594465,4.659180915994968e-05,0.9986333069313081,0.0006212241221326625,0.0,0.0001863672366397987,0.0005984410996449235,5.93154992394696e-05,0.9985002093200388,0.000646794944554949,0.0,0.00019523913652180118
G,0.00046825473057343197,0.00014407837863797906,0.9977067524733455,0.0009845355873595236,0.0,0.0006963788300835655,70,-97,0.0005591017099193962,0.00013977542747984904,0.9973287362748295,0.0011492646259454254,0.0,0.0008231219618257777,0.000513678220246414,0.00014192690305891406,0.9975177443740875,0.0010669001066524746,0.0,0.0007597503959546716
T,0.00030016328882912305,0.0008164441456152147,0.007311977715877437,0.9913072711555087,0.0,0.0002641436941696283,71,-96,0.00034167326717296433,0.0006833465343459287,0.007672117908338381,0.991116495053503,0.0,0.0001863672366397987,0.0003209182780010437,0.0007498953399805717,0.007492047812107909,0.9912118831045058,0.0,0.00022525546540471352
G,0.00032417635193545286,0.000312169820382288,0.9981029680146,0.0010325617135721833,0.0,0.00022812409951013352,72,-95,0.0005125099007594465,0.0002329590457997484,0.9979810216030689,0.0010871422137321593,0.0,0.0001863672366397987,0.0004183431263474497,0.0002725644330910182,0.9980419948088344,0.0010598519636521712,0.0,0.00020724566807496611
G,0.00032417635193545286,8.404572087215445e-05,0.9982950725194506,0.0009965421189126885,0.0,0.00030016328882912305,73,-94,0.00045038748854618025,0.0003727344732795974,0.9980120828091755,0.0008697137709857273,0.0,0.00029508145801301466,0.00038728192024081655,0.00022839009707587593,0.9981535776643131,0.0009331279449492079,0.0,0.00029762237342106885
T,0.00022812409951013352,0.0012006531553164922,0.003493900681970992,0.9949092306214581,0.0,0.0001680914417443089,74,-93,0.00029508145801301466,0.0008386525648790943,0.003494385686996226,0.9951699824504185,0.0,0.0002018978396931153,0.0002616027787615741,0.0010196528600977931,0.003494143184483609,0.9950396065359384,0.0,0.0001849946407187121
G,0.0005643069829987513,0.00012006531553164921,0.9983430986456633,0.0008884833349342042,0.0,8.404572087215445e-05,75,-92,0.0003572038702262809,0.00029508145801301466,0.9981052664274954,0.0011026728167854757,0.0,0.00013977542747984904,0.0004607554266125161,0.00020757338677233195,0.9982241825365794,0.00099557807585984,0.0,0.00011191057417600175
G,0.00046825473057343197,0.00037220247814811255,0.9985952358082797,0.00048026126212659685,0.0,8.404572087215445e-05,76,-91,0.0005901629160260293,0.00017083663358648216,0.9983226948702418,0.000776530152665828,0.0,0.00013977542747984904,0.0005292088232997307,0.00027151955586729736,0.9984589653392608,0.0006283957073962125,0.0,0.00011191057417600175
G,0.0005643069829987513,0.0004442416674671021,0.9981029680146,0.0004922677936797618,0.0,0.0003962155412544424,77,-90,0.0005125099007594465,0.00034167326717296433,0.9979499603969623,0.0008075913587724611,0.0,0.000388265076332914,0.0005384084418790988,0.00039295746732003324,0.9980264642057811,0.0006499295762261115,0.0,0.0003922403087936782
C,0.0004202286043607723,0.9968903083277303,0.0018730189222937279,0.0008164441456152147,0.0,0.0,78,-89,0.00034167326717296433,0.9963658388855239,0.002329590457997484,0.0009628973893056268,0.0,0.0,0.0003809509357668683,0.9966280736066271,0.002101304690145606,0.0008896707674604207,0.0,0.0
C,0.0002761502257227932,0.9982590529247911,0.000768418019402555,0.0006483527038709057,0.0,4.8026126212659685e-05,79,-88,0.00021742844274643184,0.998431409091615,0.0007299383435058783,0.0005901629160260293,0.0,3.106120610663312e-05,0.0002467893342346125,0.998345231008203,0.0007491781814542166,0.0006192578099484675,0.0,3.9543666159646404e-05
T,0.00025213716261646336,0.0016809144174430891,0.0010085486504658534,0.9970223801748151,0.0,3.6019594659494764e-05,80,-87,0.00010871422137321592,0.0013356318625852243,0.0006678159312926121,0.9978101849694824,0.0,7.765301526658281e-05,0.00018042569199483964,0.0015082731400141566,0.0008381822908792328,0.9974162825721488,0.0,5.6836304963038786e-05
G,0.0005042743252329267,0.00022812409951013352,0.9986912880607051,0.0005402939198924215,0.0,3.6019594659494764e-05,81,-86,0.0005125099007594465,0.00029508145801301466,0.9983537560763485,0.0008231219618257777,0.0,1.553060305331656e-05,0.0005083921129961866,0.0002616027787615741,0.9985225220685268,0.0006817079408590995,0.0,2.5775098856405663e-05
C,0.00036019594659494767,0.9985952358082797,0.0005402939198924215,0.0004922677936797618,0.0,1.2006531553164921e-05,82,-85,0.00029508145801301466,0.9988507353740546,0.0004814486946528134,0.0003727344732795974,0.0,0.0,0.00032763870230398113,0.9987229855911671,0.0005108713072726175,0.00043250113347967963,0.0,6.003265776582461e-06
C,0.00040822207280760735,0.9986672749975987,0.0003361828834886178,0.0005883200461050812,0.0,0.0,83,-84,0.00043485688549286367,0.9986022457252015,0.0004037956793862306,0.0005591017099193962,0.0,0.0,0.0004215394791502355,0.9986347603614001,0.0003699892814374242,0.0005737108780122387,0.0,0.0
C,0.0004442416674671021,0.9983551051772164,0.00019210450485063874,0.0009365094611468639,0.0,7.203918931898953e-05,84,-83,0.00034167326717296433,0.998726490549628,0.00015530603053316562,0.0007144077404525618,0.0,6.212241221326625e-05,0.00039295746732003324,0.9985407978634222,0.0001737052676919022,0.0008254586007997129,0.0,6.708080076612789e-05
T,0.000156084910191144,0.00151282297569878,0.0003842090097012775,0.9979468831044088,0.0,0.0,85,-82,0.0002329590457997484,0.001661774526704872,0.00031061206106633123,0.997794654366429,0.0,0.0,0.0001945219779954462,0.001587298751201826,0.0003474105353838044,0.9978707687354189,0.0,0.0
T,0.00036019594659494767,0.0014287772548266257,0.0003361828834886178,0.9976227067524733,0.0,0.00025213716261646336,86,-81,0.0001863672366397987,0.001133734022892109,0.00045038748854618025,0.9979033685878023,0.0,0.00032614266411964775,0.0002732815916173732,0.0012812556388593673,0.000393285186017399,0.9977630376701379,0.0,0.00028913991336805556
C,0.00046825473057343197,0.9985592162136202,0.00021611756795696858,0.00075641148784939,0.0,0.0,87,-80,0.0003572038702262809,0.9985556539160415,0.0003572038702262809,0.0007299383435058783,0.0,0.0,0.00041272930039985644,0.9985574350648309,0.00028666071909162473,0.0007431749156776342,0.0,0.0
C,0.00046825473057343197,0.998763327250024,0.00014407837863797906,0.00048026126212659685,0.0,0.00014407837863797906,88,-79,0.0005125099007594465,0.9987420211526814,9.318361831989936e-05,0.0005591017099193962,0.0,9.318361831989936e-05,0.0004903823156664392,0.9987526742013527,0.0001186309984789392,0.0005196814860229965,0.0,0.0001186309984789392
A,0.9978028047257708,0.00012006531553164921,0.0017169340121025837,0.00034818941504178273,0.0,1.2006531553164921e-05,89,-78,0.9979654910000155,0.0002329590457997484,0.0015064684961717063,0.00029508145801301466,0.0,0.0,0.9978841478628931,0.0001765121806656988,0.001611701254137145,0.00032163543652739867,0.0,6.003265776582461e-06
A,0.9982110267985784,7.203918931898953e-05,0.0013447315339544712,0.00018009797329747383,0.0,0.00019210450485063874,90,-77,0.9983848172824551,0.00015530603053316562,0.0010716116106788427,0.00029508145801301466,0.0,9.318361831989936e-05,0.9982979220405168,0.00011367260992607757,0.0012081715723166568,0.00023758971565524423,0.0,0.00014264406158526904
T,0.0003361828834886178,0.0009725290558063586,0.00045624819902026704,0.9982230333301316,0.0,1.2006531553164921e-05,91,-76,0.0002640202519063815,0.0008541831679324108,0.0003572038702262809,0.9985245927099349,0.0,0.0,0.0003001015676974997,0.0009133561118693848,0.00040672603462327397,0.9983738130200333,0.0,6.003265776582461e-06
G,0.0009365094611468639,1.2006531553164921e-05,0.9985111900874075,0.0005402939198924215,0.0,0.0,92,-75,0.0008386525648790943,7.765301526658281e-05,0.9983848172824551,0.0006988771373992452,0.0,0.0,0.0008875810130129791,4.4829773409873865e-05,0.9984480036849313,0.0006195855286458334,0.0,0.0
G,0.000768418019402555,0.00012006531553164921,0.9986912880607051,0.00040822207280760735,0.0,1.2006531553164921e-05,93,-74,0.0006833465343459287,6.212241221326625e-05,0.9986643681374148,0.0005901629160260293,0.0,0.0,0.0007258822768742418,9.109386387245773e-05,0.9986778280990599,0.0004991924944168183,0.0,6.003265776582461e-06
A,0.9971904716165594,0.0001680914417443089,0.0017049274805494188,0.000924502929593699,0.0,1.2006531553164921e-05,94,-73,0.9972200220534564,0.00017083663358648216,0.0017238969389181383,0.000885244374039044,0.0,0.0,0.9972052468350079,0.00016946403766539552,0.0017144122097337785,0.0009048736518163715,0.0,6.003265776582461e-06
T,0.0007804245509557199,0.0012006531553164922,0.00036019594659494767,0.9976587263471328,0.0,0.0,95,-72,0.0006056935190793458,0.001242448244265325,0.000388265076332914,0.9977480625572691,0.0,1.553060305331656e-05,0.0006930590350175329,0.0012215506997909084,0.0003742305114639308,0.9977033944522009,0.0,7.76530152665828e-06
C,0.0006003265776582461,0.9986552684660456,0.000156084910191144,0.0005883200461050812,0.0,0.0,96,-71,0.00041932628243954715,0.998773082358788,0.00013977542747984904,0.0006678159312926121,0.0,0.0,0.0005098264300488966,0.9987141754124168,0.00014793016883549653,0.0006280679886988467,0.0,0.0
C,0.00046825473057343197,0.9986912880607051,0.00012006531553164921,0.0005883200461050812,0.0,0.00013207184708481415,97,-70,0.000388265076332914,0.9990215720076411,0.0001242448244265325,0.0003727344732795974,0.0,9.318361831989936e-05,0.000428259903453173,0.9988564300341731,0.00012215506997909087,0.00048052725969233926,0.0,0.00011262773270235676
A,0.9970463932379214,0.0006003265776582461,0.0017409470752089136,0.0006003265776582461,0.0,1.2006531553164921e-05,98,-69,0.9970025936107099,0.0006833465343459287,0.0017860193511314044,0.000528040503812763,0.0,0.0,0.9970244934243156,0.0006418365560020874,0.001763483213170159,0.0005641835407355046,0.0,6.003265776582461e-06
C,0.0006603592354240707,0.9987273076553645,0.000156084910191144,0.00045624819902026704,0.0,0.0,99,-68,0.0006678159312926121,0.9986022457252015,0.00013977542747984904,0.0005901629160260293,0.0,0.0,0.0006640875833583414,0.998664776690283,0.00014793016883549653,0.0005232055575231482,0.0,0.0
T,0.0006483527038709057,0.0017409470752089136,0.00025213716261646336,0.9973345499951974,0.0,2.4013063106329843e-05,100,-67,0.0006522853282392955,0.0014598766870117567,0.0004037956793862306,0.9974840423053627,0.0,0.0,0.0006503190160551006,0.0016004118811103352,0.00032796642100134697,0.9974092961502801,0.0,1.2006531553164921e-05
C,0.0008164441456152147,0.9983070790510038,0.00013207184708481415,0.0007083853616367304,0.0,3.6019594659494764e-05,101,-66,0.0006988771373992452,0.9983382254732951,0.00015530603053316562,0.0008075913587724611,0.0,0.0,0.00075766064150723,0.9983226522621494,0.00014368893880898988,0.0007579883602045958,0.0,1.8009797329747382e-05
A,0.9968542887330708,0.0005402939198924215,0.002005090769378542,0.0005883200461050812,0.0,1.2006531553164921e-05,102,-65,0.9970491854198699,0.00045038748854618025,0.001910264175557937,0.0005901629160260293,0.0,0.0,0.9969517370764703,0.0004953407042193009,0.0019576774724682396,0.0005892414810655552,0.0,6.003265776582461e-06
C,0.00075641148784939,0.9985832292767265,0.00012006531553164921,0.0005162808567860917,0.0,2.4013063106329843e-05,103,-64,0.0006833465343459287,0.9986333069313081,0.00021742844274643184,0.00045038748854618025,0.0,1.553060305331656e-05,0.0007198790110976593,0.9986082681040174,0.00016874687913904054,0.0004833341726661359,0.0,1.9771833079823202e-05
A,0.9978868504466429,0.00022812409951013352,0.0016809144174430891,0.00019210450485063874,0.0,1.2006531553164921e-05,104,-63,0.9975616953206293,0.00013977542747984904,0.0018481417633446707,0.00045038748854618025,0.0,0.0,0.9977242728836362,0.00018394976349499128,0.00176452809039388,0.0003212459966984095,0.0,6.003265776582461e-06
G,0.00075641148784939,4.8026126212659685e-05,0.9987153011238113,0.00046825473057343197,0.0,1.2006531553164921e-05,105,-62,0.000636754725185979,9.318361831989936e-05,0.9986798987404681,0.0005901629160260293,0.0,0.0,0.0006965831065176845,7.060487226627951e-05,0.9986975999321397,0.0005292088232997307,0.0,6.003265776582461e-06
T,0.00022812409951013352,0.0014527903179329556,0.0006843722985304005,0.9976347132840265,0.0,0.0,106,-61,0.0002329590457997484,0.0013666930686918573,0.0006056935190793458,0.997794654366429,0.0,0.0,0.00023054157265494095,0.0014097416933124066,0.0006450329088048732,0.9977146838252278,0.0,0.0
T,0.0002761502257227932,0.0017769666698684084,0.00034818941504178273,0.997598693689367,0.0,0.0,107,-60,0.00034167326717296433,0.0017238969389181383,0.00029508145801301466,0.9976393483358958,0.0,0.0,0.00030891174644787875,0.0017504318043932733,0.00032163543652739867,0.9976190210126314,0.0,0.0
T,0.0004922677936797618,0.0014407837863797907,0.000624339640764576,0.9973225434636442,0.0,0.00012006531553164921,108,-59,0.0004037956793862306,0.0014288154809051236,0.00043485688549286367,0.997592756526736,0.0,0.00013977542747984904,0.00044803173653299615,0.0014347996336424571,0.0005295982631287198,0.9974576499951902,0.0,0.00012992037150574913
C,0.0005042743252329267,0.9987273076553645,0.0001680914417443089,0.0006003265776582461,0.0,0.0,109,-58,0.00034167326717296433,0.9987575517557347,0.0002018978396931153,0.0006988771373992452,0.0,0.0,0.0004229737962029455,0.9987424297055496,0.0001849946407187121,0.0006496018575287456,0.0,0.0
C,0.00045624819902026704,0.9986192488713861,0.00010805878397848429,0.0007203918931898953,0.0,9.605225242531937e-05,110,-57,0.00032614266411964775,0.9989439189923744,6.212241221326625e-05,0.0005901629160260293,0.0,7.765301526658281e-05,0.0003911954315699574,0.9987815839318803,8.509059809587528e-05,0.0006552774046079623,0.0,8.68526338459511e-05
A,0.998030928825281,0.00010805878397848429,0.00153683603880511,0.00032417635193545286,0.0,0.0,111,-56,0.9977480625572691,0.00034167326717296433,0.0015996521144916057,0.00031061206106633123,0.0,0.0,0.997889495691275,0.00022486602557572432,0.0015682440766483577,0.00031739420650089205,0.0,0.0
T,0.0005883200461050812,0.0008764768033810393,0.0005402939198924215,0.9979949092306215,0.0,0.0,112,-55,0.00034167326717296433,0.001195856435105375,0.0005125099007594465,0.9979344297939089,0.0,1.553060305331656e-05,0.00046499665663902274,0.001036166619243207,0.000526401910325934,0.9979646695122653,0.0,7.76530152665828e-06
A,0.9983190855825569,0.000156084910191144,0.001224666218422822,0.0002881567572759581,0.0,1.2006531553164921e-05,113,-54,0.9980431440152822,0.00015530603053316562,0.0014754072900650733,0.00032614266411964775,0.0,0.0,0.9981811147989195,0.0001556954703621548,0.0013500367542439477,0.00030714971069780296,0.0,6.003265776582461e-06
G,0.001368744597060801,9.605225242531937e-05,0.9981029680146,0.00043223513591393717,0.0,0.0,114,-53,0.0011492646259454254,0.0001242448244265325,0.9982295112519219,0.00049697929770613,0.0,0.0,0.001259004611503113,0.00011014853842592593,0.9981662396332609,0.0004646072168100336,0.0,0.0
G,0.0010205551820190184,7.203918931898953e-05,0.9984871770243012,0.00040822207280760735,0.0,1.2006531553164921e-05,115,-52,0.001195856435105375,9.318361831989936e-05,0.9982295112519219,0.0004659180915994968,0.0,1.553060305331656e-05,0.0011082058085621967,8.261140381944445e-05,0.9983583441381116,0.0004370700822035521,0.0,1.3768567303240741e-05
T,0.00046825473057343197,0.0023292671213139948,0.0005523004514455864,0.996650177696667,0.0,0.0,116,-51,0.000528040503812763,0.0024693658854773332,0.0005591017099193962,0.9964434919007905,0.0,0.0,0.0004981476171930975,0.002399316503395664,0.0005557010806824913,0.9965468347987287,0.0,0.0
C,0.0004442416674671021,0.9987513207184708,0.00020411103640380368,0.0006003265776582461,0.0,0.0,117,-50,0.0004659180915994968,0.9987886129618413,0.00021742844274643184,0.0005125099007594465,0.0,1.553060305331656e-05,0.00045507987953329943,0.9987699668401561,0.00021076973957511776,0.0005564182392088462,0.0,7.76530152665828e-06
T,0.00045624819902026704,0.0016448948227835943,0.00036019594659494767,0.9975386610316012,0.0,0.0,118,-49,0.00034167326717296433,0.0014288154809051236,0.0004814486946528134,0.9977170013511625,0.0,3.106120610663312e-05,0.0003989607330966157,0.0015368551518443589,0.00042082232062388053,0.9976278311913818,0.0,1.553060305331656e-05
G,0.0012846988761886467,9.605225242531937e-05,0.998030928825281,0.0005643069829987513,0.0,2.4013063106329843e-05,119,-48,0.0011803258320520586,0.00010871422137321592,0.9980586746183354,0.0006212241221326625,0.0,3.106120610663312e-05,0.0012325123541203527,0.00010238323689926764,0.9980448017218082,0.0005927655525657068,0.0,2.7537134606481483e-05
A,0.9978988569781961,0.00014407837863797906,0.0017169340121025837,0.00024013063106329843,0.0,0.0,120,-47,0.9982295112519219,0.0001242448244265325,0.0014598766870117567,0.0001863672366397987,0.0,0.0,0.998064184115059,0.00013416160153225577,0.0015884053495571703,0.00021324893385154858,0.0,0.0
A,0.9983671117087696,0.000156084910191144,0.0012846988761886467,0.00019210450485063874,0.0,0.0,121,-46,0.9983071642671885,7.765301526658281e-05,0.0013511624656385407,0.0002640202519063815,0.0,0.0,0.9983371379879791,0.0001168689627288634,0.0013179306709135937,0.00022806237837851012,0.0,0.0
A,0.997670732878686,0.000156084910191144,0.0019090385169532225,0.0002641436941696283,0.0,0.0,122,-45,0.997592756526736,0.0002329590457997484,0.0018170805572380376,0.0003572038702262809,0.0,0.0,0.997631744702711,0.0001945219779954462,0.00186305953709563,0.0003106737821979546,0.0,0.0
A,0.9974666218422822,0.00020411103640380368,0.00153683603880511,0.0002641436941696283,0.0,0.0005282873883392566,123,-44,0.9977170013511625,0.0002640202519063815,0.0011182034198387923,0.000388265076332914,0.0,0.0005125099007594465,0.9975918115967224,0.0002340656441550926,0.001327519729321951,0.0003262043852512712,0.0,0.0005203986445493515
T,0.0004202286043607723,0.0009004898664873691,0.000612333109211411,0.9980669484199405,0.0,0.0,124,-43,0.0002640202519063815,0.0007609995496125115,0.00032614266411964775,0.9986488375343615,0.0,0.0,0.0003421244281335769,0.0008307447080499403,0.00046923788666552936,0.998357892977151,0.0,0.0
G,0.0005763135145519162,9.605225242531937e-05,0.9985832292767265,0.0007444049562962251,0.0,0.0,125,-42,0.0004659180915994968,6.212241221326625e-05,0.9987886129618413,0.0006833465343459287,0.0,0.0,0.0005211158030757066,7.908733231929281e-05,0.9986859211192839,0.0007138757453210769,0.0,0.0
T,0.00036019594659494767,0.0019210450485063874,0.0011046009028911727,0.9966141581020075,0.0,0.0,126,-41,0.0002795508549596981,0.0019723865877712033,0.0009784279923589433,0.9967696345649102,0.0,0.0,0.0003198734007773229,0.0019467158181387953,0.001041514447625058,0.9966918963334588,0.0,0.0
T,0.0003962155412544424,0.00153683603880511,0.0003962155412544424,0.997670732878686,0.0,0.0,127,-40,0.0002795508549596981,0.0013977542747984904,0.00031061206106633123,0.9980120828091755,0.0,0.0,0.0003378831981070702,0.0014672951568018002,0.00035341380116038685,0.9978414078439308,0.0,0.0
T,0.0007924310825088848,0.0016689078858899242,0.0006603592354240707,0.9966741907597734,0.0,0.00020411103640380368,128,-39,0.0004814486946528134,0.0015064684961717063,0.0005125099007594465,0.9974063892900962,0.0,9.318361831989936e-05,0.0006369398885808491,0.0015876881910308152,0.0005864345680917586,0.9970402900249348,0.0,0.0001486473273618515
C,0.0006483527038709057,0.9986432619344924,0.00022812409951013352,0.00048026126212659685,0.0,0.0,129,-38,0.00029508145801301466,0.9987575517557347,0.00010871422137321592,0.0008231219618257777,0.0,1.553060305331656e-05,0.0004717170809419602,0.9987004068451135,0.0001684191604416747,0.0006516916119761872,0.0,7.76530152665828e-06
C,0.00036019594659494767,0.9990634905388531,0.00018009797329747383,0.00034818941504178273,0.0,4.8026126212659685e-05,130,-37,0.00032614266411964775,0.9988973271832146,0.0002329590457997484,0.0004659180915994968,0.0,7.765301526658281e-05,0.0003431693053572977,0.9989804088610339,0.00020652850954861114,0.0004070537533206398,0.0,6.283957073962125e-05
T,0.0007083853616367304,0.0018970319854000575,0.0007924310825088848,0.9965541254442417,0.0,4.8026126212659685e-05,131,-36,0.0006056935190793458,0.0016462439236515553,0.0006212241221326625,0.9970957772290298,0.0,3.106120610663312e-05,0.0006570394403580381,0.0017716379545258064,0.0007068276023207737,0.9968249513366357,0.0,3.9543666159646404e-05
G,0.0008284506771683796,0.00010805878397848429,0.9981389876092595,0.000924502929593699,0.0,0.0,132,-35,0.0008541831679324108,9.318361831989936e-05,0.9982295112519219,0.0008231219618257777,0.0,0.0,0.0008413169225503952,0.00010062120114919182,0.9981842494305907,0.0008738124457097383,0.0,0.0
A,0.9961819229660935,0.00048026126212659685,0.0025333781577177986,0.0007924310825088848,0.0,1.2006531553164921e-05,133,-34,0.996319247076364,0.0004037956793862306,0.002376182267157434,0.0009007749770923605,0.0,0.0,0.9962505850212288,0.0004420284707564137,0.0024547802124376163,0.0008466030298006227,0.0,6.003265776582461e-06
C,0.00048026126212659685,0.9988233599077898,0.00025213716261646336,0.0004442416674671021,0.0,0.0,134,-33,0.00029508145801301466,0.9988973271832146,0.00032614266411964775,0.0004659180915994968,0.0,1.553060305331656e-05,0.00038767136006980575,0.9988603435455021,0.00028913991336805556,0.00045507987953329943,0.0,7.76530152665828e-06
T,0.000624339640764576,0.0013087119392949764,0.0007924310825088848,0.9972625108058784,0.0,1.2006531553164921e-05,135,-32,0.00045038748854618025,0.0015375297022783394,0.0007144077404525618,0.9972976750687229,0.0,0.0,0.0005373635646553781,0.0014231208207866578,0.0007534194114807234,0.9972800929373007,0.0,6.003265776582461e-06
C,0.0005402939198924215,0.9987153011238113,0.00030016328882912305,0.0004442416674671021,0.0,0.0,136,-31,0.0004814486946528134,0.9984469396946684,0.00045038748854618025,0.0005591017099193962,0.0,6.212241221326625e-05,0.0005108713072726175,0.9985811204092399,0.0003752753886876516,0.0005016716886932491,0.0,3.106120610663312e-05
A,0.9971184324272404,0.00034818941504178273,0.0021851887426760155,0.0003361828834886178,0.0,1.2006531553164921e-05,137,-30,0.997157899641243,0.00043485688549286367,0.0020966314121977354,0.00029508145801301466,0.0,1.553060305331656e-05,0.9971381660342418,0.0003915231502673232,0.0021409100774368757,0.0003156321707508162,0.0,1.3768567303240741e-05
G,0.0006363461723177409,8.404572087215445e-05,0.9986792815291519,0.0006003265776582461,0.0,0.0,138,-29,0.00041932628243954715,0.00013977542747984904,0.9989749801984811,0.0004659180915994968,0.0,0.0,0.000527836227378644,0.00011191057417600175,0.9988271308638165,0.0005331223346288715,0.0,0.0
A,0.9965541254442417,0.00010805878397848429,0.002581404283930458,0.0005042743252329267,0.0,0.00025213716261646336,139,-28,0.9965056143130038,0.00017083663358648216,0.002764447343490348,0.00041932628243954715,0.0,0.00013977542747984904,0.9965298698786227,0.00013944770878248323,0.002672925813710403,0.00046180030383623694,0.0,0.00019595629504815621
G,0.0008164441456152147,0.0001680914417443089,0.9983070790510038,0.0006723657669772356,0.0,3.6019594659494764e-05,140,-27,0.000776530152665828,0.00010871422137321592,0.998478000900775,0.0006056935190793458,0.0,3.106120610663312e-05,0.0007964871491405213,0.00013840283155876242,0.9983925399758894,0.0006390296430282907,0.0,3.3540400383063944e-05
G,0.0006483527038709057,0.00013207184708481415,0.9982950725194506,0.000924502929593699,0.0,0.0,141,-26,0.0007144077404525618,0.0001242448244265325,0.9982916336641352,0.0008697137709857273,0.0,0.0,0.0006813802221617338,0.00012815833575567333,0.9982933530917929,0.0008971083502897132,0.0,0.0
G,0.0009485159927000288,0.00018009797329747383,0.997814811257324,0.0010565747766785132,0.0,0.0,142,-25,0.0008386525648790943,0.00021742844274643184,0.998136327633602,0.0008075913587724611,0.0,0.0,0.0008935842787895615,0.00019876320802195282,0.9979755694454631,0.0009320830677254871,0.0,0.0
G,0.0011046009028911727,0.000312169820382288,0.9976827394102392,0.0008884833349342042,0.0,1.2006531553164921e-05,143,-24,0.0007454689465591948,0.000248489648853065,0.9981984500458153,0.000776530152665828,0.0,3.106120610663312e-05,0.0009250349247251837,0.0002803297346176765,0.9979405947280273,0.0008325067438000162,0.0,2.1533868829899022e-05
G,0.0006963788300835655,0.00036019594659494767,0.9973225434636442,0.0007323984247430603,0.0,0.0008884833349342042,144,-23,0.0009318361831989936,0.00029508145801301466,0.9970025936107099,0.0008541831679324108,0.0,0.000916305580145677,0.0008141075066412796,0.00032763870230398113,0.997162568537177,0.0007932907963377355,0.0,0.0009023944575399406
C,0.0003361828834886178,0.9986912880607051,0.0005523004514455864,0.0004202286043607723,0.0,0.0,145,-22,0.0002640202519063815,0.9986798987404681,0.0006522853282392955,0.000388265076332914,0.0,1.553060305331656e-05,0.0003001015676974997,0.9986855934005866,0.000602292889842441,0.00040424684034684314,0.0,7.76530152665828e-06
T,0.0005162808567860917,0.0009965421189126885,0.0015008164441456151,0.9969863605801556,0.0,0.0,146,-21,0.000388265076332914,0.0013201012595319076,0.0015375297022783394,0.9967541039618568,0.0,0.0,0.00045227296655950283,0.001158321689222298,0.0015191730732119772,0.9968702322710061,0.0,0.0
C,0.00040822207280760735,0.9980909614830468,0.0007083853616367304,0.0007804245509557199,0.0,1.2006531553164921e-05,147,-20,0.0002795508549596981,0.998089735824442,0.0007299383435058783,0.000885244374039044,0.0,1.553060305331656e-05,0.0003438864638836527,0.9980903486537445,0.0007191618525713044,0.0008328344624973819,0.0,1.3768567303240741e-05
G,0.0008884833349342042,0.0001680914417443089,0.9981870137354721,0.0007444049562962251,0.0,1.2006531553164921e-05,148,-19,0.0008231219618257777,0.0002018978396931153,0.9981207970305487,0.0008386525648790943,0.0,1.553060305331656e-05,0.0008558026483799909,0.0001849946407187121,0.9981539053830104,0.0007915287605876597,0.0,1.3768567303240741e-05
A,0.9968542887330708,0.00021611756795696858,0.002497358563058304,0.0004202286043607723,0.0,1.2006531553164921e-05,149,-18,0.9967230427557502,0.0002329590457997484,0.0026867943282237647,0.0003572038702262809,0.0,0.0,0.9967886657444105,0.00022453830687835848,0.002592076445641034,0.0003887162372935266,0.0,6.003265776582461e-06
C,0.00030016328882912305,0.9986552684660456,0.00045624819902026704,0.0005883200461050812,0.0,0.0,150,-17,0.00017083663358648216,0.9988507353740546,0.0003727344732795974,0.0006056935190793458,0.0,0.0,0.0002354999612078026,0.9987530019200501,0.00041449133614993223,0.0005970067825922134,0.0,0.0
G,0.0011886466237633272,0.00014407837863797906,0.9977787916626645,0.0008644702718278743,0.0,2.4013063106329843e-05,151,-16,0.001242448244265325,0.00010871422137321592,0.9977480625572691,0.0009007749770923605,0.0,0.0,0.0012155474340143262,0.0001263963000055975,0.9977634271099668,0.0008826226244601174,0.0,1.2006531553164921e-05
C,0.0004922677936797618,0.998475170492748,0.0005282873883392566,0.0004442416674671021,0.0,6.0032657765824606e-05,152,-15,0.00043485688549286367,0.9986177763282549,0.0005746323129727127,0.0003727344732795974,0.0,0.0,0.00046356233958631273,0.9985464734105014,0.0005514598506559847,0.00040848807037334976,0.0,3.0016328882912303e-05
T,0.00024013063106329843,0.0011166074344443376,0.0007804245509557199,0.9978028047257708,0.0,6.0032657765824606e-05,153,-14,0.00034167326717296433,0.0012269176412120083,0.0010094891984655764,0.9974219198931494,0.0,0.0,0.0002909019491181314,0.0011717625378281729,0.0008949568747106481,0.9976123623094602,0.0,3.0016328882912303e-05
A,0.9977547785995582,0.00021611756795696858,0.0017529536067620785,0.00021611756795696858,0.0,6.0032657765824606e-05,154,-13,0.9974063892900962,0.0002018978396931153,0.0019723865877712033,0.00034167326717296433,0.0,7.765301526658281e-05,0.9975805839448272,0.00020900770382504194,0.0018626700972666408,0.00027889541756496647,0.0,6.884283651620371e-05
G,0.0008284506771683796,0.00014407837863797906,0.9978988569781961,0.0010685813082316781,0.0,6.0032657765824606e-05,155,-12,0.000916305580145677,0.0002640202519063815,0.997546164717576,0.001195856435105375,0.0,7.765301526658281e-05,0.0008723781286570283,0.00020404931527218028,0.997722510847886,0.0011322188716685266,0.0,6.884283651620371e-05
G,0.0011046009028911727,0.0001680914417443089,0.9974906349053886,0.0011526270291038324,0.0,8.404572087215445e-05,156,-11,0.0007609995496125115,0.00017083663358648216,0.9977325319542157,0.0012579788473186413,0.0,7.765301526658281e-05,0.000932800226251842,0.00016946403766539552,0.9976115834298022,0.001205302938211237,0.0,8.084936806936863e-05
A,0.9973945826529632,0.0002881567572759581,0.0018730189222937279,0.00036019594659494767,0.0,8.404572087215445e-05,157,-10,0.9971113078320831,0.0003572038702262809,0.0021432232213576853,0.00029508145801301466,0.0,9.318361831989936e-05,0.9972529452425232,0.0003226803137511195,0.0020081210718257067,0.00032763870230398113,0.0,8.86146695960269e-05
T,0.0006483527038709057,0.0013327250024013062,0.0009365094611468639,0.9969863605801556,0.0,9.605225242531937e-05,158,-9,0.0004659180915994968,0.0013356318625852243,0.000776530152665828,0.9973287362748295,0.0,9.318361831989936e-05,0.0005571353977352013,0.0013341784324932653,0.000856519806906346,0.9971575484274926,0.0,9.461793537260936e-05
C,0.00036019594659494767,0.9986672749975987,0.00048026126212659685,0.0003962155412544424,0.0,9.605225242531937e-05,159,-8,0.00021742844274643184,0.9989128577862678,0.0002795508549596981,0.0004659180915994968,0.0,0.0001242448244265325,0.0002888121946706898,0.9987900663919332,0.0003799060585431475,0.0004310668164269696,0.0,0.00011014853842592593
T,0.000624339640764576,0.001861012390740563,0.0009365094611468639,0.9964820862549226,0.0,9.605225242531937e-05,160,-7,0.0006522853282392955,0.0018792029694513037,0.0009628973893056268,0.9963503082824706,0.0,0.00015530603053316562,0.0006383124845019358,0.0018701076800959333,0.0009497034252262454,0.9964161972686967,0.0,0.0001256791414792425
G,0.000768418019402555,0.00018009797329747383,0.9978868504466429,0.0010445682451253482,0.0,0.00012006531553164921,161,-6,0.0007454689465591948,0.0002795508549596981,0.9977480625572691,0.0011026728167854757,0.0,0.0001242448244265325,0.0007569434829808749,0.00022982441412858597,0.997817456501956,0.001073620530955412,0.0,0.00012215506997909087
A,0.9957376812986265,0.00037220247814811255,0.0031337047353760445,0.0006363461723177409,0.0,0.00012006531553164921,162,-5,0.994408982900806,0.00031061206106633123,0.004177732221342155,0.0009784279923589433,0.0,0.0001242448244265325,0.9950733320997163,0.0003414072696072219,0.0036557184783590994,0.0008073870823383421,0.0,0.00012215506997909087
C,0.00043223513591393717,0.9985712227451734,0.00034818941504178273,0.00048026126212659685,0.0,0.0001680914417443089,163,-4,0.00029508145801301466,0.9985556539160415,0.00043485688549286367,0.0004814486946528134,0.0,0.0002329590457997484,0.00036365829696347594,0.9985634383306075,0.0003915231502673232,0.00048085497838970515,0.0,0.00020052524377202867
T,0.0006603592354240707,0.0017889732014215733,0.0012967054077418114,0.9959297858034771,0.0,0.00032417635193545286,164,-3,0.00045038748854618025,0.0017549581450247713,0.001195856435105375,0.9962105328549907,0.0,0.000388265076332914,0.0005553733619851254,0.0017719656732231724,0.0012462809214235932,0.9960701593292339,0.0,0.0003562207141341834
G,0.0006963788300835655,0.0002641436941696283,0.9974065891845164,0.001236672749975987,0.0,0.0003962155412544424,165,-2,0.0008231219618257777,0.00021742844274643184,0.997546164717576,0.0010094891984655764,0.0,0.0004037956793862306,0.0007597503959546716,0.00024078606845803007,0.9974763769510462,0.0011230809742207816,0.0,0.0004000056103203365
C,0.0005042743252329267,0.9977307655364518,0.00043223513591393717,0.0007804245509557199,0.0,0.0005523004514455864,166,-1,0.00031061206106633123,0.9979965522061222,0.0003727344732795974,0.000776530152665828,0.0,0.0005435711068660796,0.00040744319314962895,0.997863658871287,0.0004024848045967673,0.000778477351810774,0.0,0.000547935779155833
G,0.0011286139659975026,0.00030016328882912305,0.996722216885986,0.0012126596868696571,0.0,0.0006363461723177409,167,0,0.0010405504045722096,0.000388265076332914,0.9966298591374303,0.0013666930686918573,0.0,0.0005746323129727127,0.0010845821852848562,0.0003442141825810185,0.9966760380117081,0.0012896763777807572,0.0,0.0006054892426452268
G,0.0009605225242531937,0.0002761502257227932,0.9968302756699644,0.001224666218422822,0.0,0.0007083853616367304,168,1,0.0008541831679324108,0.000248489648853065,0.9970802466259765,0.0011803258320520586,0.0,0.000636754725185979,0.0009073528460928023,0.0002623199372879291,0.9969552611479704,0.0012024960252374403,0.0,0.0006725700434113547
C,0.0004442416674671021,0.9977787916626645,0.00040822207280760735,0.0005643069829987513,0.0,0.0008044376140620498,169,2,0.00017083663358648216,0.9981052664274954,0.000248489648853065,0.0007144077404525618,0.0,0.0007609995496125115,0.0003075391505267921,0.99794202904508,0.00032835586083033617,0.0006393573617256565,0.0,0.0007827185818372806
T,0.0005402939198924215,0.0016328882912304294,0.0008644702718278743,0.9959778119296897,0.0,0.0009845355873595236,170,3,0.0004814486946528134,0.001382223671745174,0.0005435711068660796,0.9967230427557502,0.0,0.0008697137709857273,0.0005108713072726175,0.0015075559814878017,0.0007040206893469769,0.99635042734272,0.0,0.0009271246791726255
C,0.001957064643165882,0.9858322927672654,0.005583037172221688,0.005619056766881183,0.0,0.0010085486504658534,171,4,0.0014598766870117567,0.9856963145878954,0.005948220969420243,0.005855037351100343,0.0,0.0010405504045722096,0.0017084706650888194,0.9857643036775804,0.005765629070820965,0.005737047058990763,0.0,0.0010245495275190315
C,0.001836999327634233,0.9563562578042455,0.008860820286235712,0.03151714532705792,0.0,0.0014287772548266257,172,5,0.0015685909083849726,0.9525229464660113,0.009830871732749383,0.03458665299973598,0.0,0.0014909378931183897,0.001702795118009603,0.9544396021351285,0.009345846009492547,0.033051899163396944,0.0,0.0014598575739725077
T,0.0009124963980405341,0.001861012390740563,0.0009845355873595236,0.9948612044952454,0.0,0.001380751128613966,173,6,0.0007454689465591948,0.0016462439236515553,0.0012113870381586917,0.9950612682290453,0.0,0.0013356318625852243,0.0008289826722998645,0.0017536281571960593,0.0010979613127591076,0.9949612363621454,0.0,0.0013581914955995951
C,0.0021251560849101913,0.9756027278839688,0.009233022764383824,0.01153827682259149,0.0,0.0015008164441456151,174,7,0.002003447793877836,0.973116526114709,0.01034338163350883,0.01309229837394586,0.0,0.00144434608395844,0.0020643019393940137,0.9743596269993389,0.009788202198946327,0.012315287598268675,0.0,0.0014725812640520276
C,0.0006723657669772356,0.9928921333205264,0.0014527903179329556,0.003265776582460859,0.0,0.0017169340121025837,175,8,0.000528040503812763,0.9929801674199009,0.0013201012595319076,0.0034167326717296433,0.0,0.0017549581450247713,0.0006002031353949994,0.9929361503702137,0.0013864457887324316,0.003341254627095251,0.0,0.0017359460785636776
A,0.5962803765248295,0.0005042743252329267,0.40034578810873117,0.0008404572087215446,0.0,0.002029103832484872,176,9,0.5823510226902111,0.00043485688549286367,0.4143564894624858,0.000885244374039044,0.0,0.0019723865877712033,0.5893156996075203,0.0004695656053628952,0.40735113878560847,0.0008628507913802943,0.0,0.0020007452101280373
T,0.0008764768033810393,0.0014167707232734608,0.0010445682451253482,0.9948251849005859,0.0,0.001836999327634233,177,10,0.0007609995496125115,0.0013977542747984904,0.0012890400534252746,0.9948283091832456,0.0,0.0017238969389181383,0.0008187381764967754,0.0014072624990359756,0.0011668041492753113,0.9948267470419158,0.0,0.0017804481332761857
G,0.0005883200461050812,0.00032417635193545286,0.9960018249927961,0.0011646335606569974,0.0,0.0019210450485063874,178,11,0.0009473667862523102,0.0001863672366397987,0.9958999207939244,0.0010716116106788427,0.0,0.0018947335725046203,0.0007678434161786957,0.0002552717942876258,0.9959508728933603,0.00111812258566792,0.0,0.001907889310505504
G,0.0010085486504658534,0.0002881567572759581,0.9961338968398809,0.0008884833349342042,0.0,0.0016809144174430891,179,12,0.000885244374039044,0.00034167326717296433,0.9957290841603379,0.0013201012595319076,0.0,0.0017238969389181383,0.0009468965122524487,0.0003149150122244612,0.9959314905001093,0.0011042922972330559,0.0,0.0017024056781806138
C,0.0006603592354240707,0.9962659686869657,0.0005282873883392566,0.0008284506771683796,0.0,0.0017169340121025837,180,13,0.0003572038702262809,0.99690940999239,0.0003572038702262809,0.0005746323129727127,0.0,0.001801549954184721,0.0005087815528251758,0.9965876893396779,0.0004427456292827687,0.0007015414950705462,0.0,0.0017592419831436524
A,0.9587815771779848,0.0004442416674671021,0.03872106425895687,0.0004442416674671021,0.0,0.0016088752281240995,181,14,0.9536256192827968,0.0003572038702262809,0.043905014831725916,0.0006212241221326625,0.0,0.0014909378931183897,0.9562035982303908,0.0004007227688466915,0.04131303954534139,0.0005327328947998823,0.0,0.0015499065606212445
G,0.0007444049562962251,0.00022812409951013352,0.9970463932379214,0.0008164441456152147,0.0,0.0011646335606569974,182,15,0.000776530152665828,0.0002018978396931153,0.9970025936107099,0.0009473667862523102,0.0,0.0010716116106788427,0.0007604675544810265,0.0002150109696016244,0.9970244934243156,0.0008819054659337624,0.0,0.00111812258566792
T,0.00030016328882912305,0.0014287772548266257,0.0010565747766785132,0.9960498511190088,0.0,0.0011646335606569974,183,16,0.00032614266411964775,0.0016462439236515553,0.0012113870381586917,0.9958843901908712,0.0,0.0009318361831989936,0.0003131529764743854,0.0015375105892390904,0.0011339809074186024,0.99596712065494,0.0,0.0010482348719279954
G,0.0007444049562962251,0.0002881567572759581,0.9969263279223898,0.0009605225242531937,0.0,0.001080587839784843,184,17,0.0007920607557191446,0.00021742844274643184,0.9971268384351364,0.001056081007625526,0.0,0.0008075913587724611,0.0007682328560076849,0.000252792600011195,0.997026583178763,0.0010083017659393598,0.0,0.000944089599278652
A,0.9928200941312074,0.0006963788300835655,0.004862645279031793,0.0008164441456152147,0.0,0.0008044376140620498,185,18,0.9936790445573002,0.0006522853282392955,0.0044883442824084855,0.0006678159312926121,0.0,0.0005125099007594465,0.9932495693442538,0.0006743320791614305,0.004675494780720139,0.0007421300384539134,0.0,0.0006584737574107482
C,0.0006963788300835655,0.9976827394102392,0.0004202286043607723,0.0004442416674671021,0.0,0.00075641148784939,186,19,0.0003727344732795974,0.9981829194427619,0.00049697929770613,0.00045038748854618025,0.0,0.00049697929770613,0.0005345566516815815,0.9979328294265006,0.00045860395103345113,0.0004473145780066412,0.0,0.00062669539277776
C,0.0007323984247430603,0.9972384977427721,0.0008644702718278743,0.0006483527038709057,0.0,0.0005162808567860917,187,20,0.000528040503812763,0.9977480625572691,0.0006678159312926121,0.0006522853282392955,0.0,0.0004037956793862306,0.0006302194642779117,0.9974932801500206,0.0007661431015602432,0.0006503190160551006,0.0,0.0004600382680861611
C,0.0006603592354240707,0.9973345499951974,0.0005763135145519162,0.0008644702718278743,0.0,0.0005643069829987513,188,21,0.0004037956793862306,0.9974529810992561,0.0009473667862523102,0.0006988771373992452,0.0,0.00049697929770613,0.0005320774574051506,0.9973937655472267,0.0007618401504021132,0.0007816737046135598,0.0,0.0005306431403524406
G,0.0012006531553164922,0.0002761502257227932,0.9972264912112189,0.0009124963980405341,0.0,0.0003842090097012775,189,22,0.0012269176412120083,0.0002795508549596981,0.9974840423053627,0.0006833465343459287,0.0,0.00032614266411964775,0.0012137853982642503,0.00027785054034124566,0.9973552667582908,0.0007979214661932314,0.0,0.0003551758369104626
G,0.0008524637402747094,0.00021611756795696858,0.9977667851311113,0.000768418019402555,0.0,0.0003962155412544424,190,23,0.0009007749770923605,0.0001863672366397987,0.9979810216030689,0.0006678159312926121,0.0,0.0002640202519063815,0.0008766193586835349,0.00020124240229838365,0.99787390336709,0.0007181169753475835,0.0,0.00033011789658041196
A,0.9972865238689848,0.0002881567572759581,0.0018009797329747383,0.00034818941504178273,0.0,0.0002761502257227932,191,24,0.9973287362748295,0.00032614266411964775,0.001832611160291354,0.0003727344732795974,0.0,0.00013977542747984904,0.9973076300719071,0.00030714971069780296,0.001816795446633046,0.0003604619441606901,0.0,0.0002079628266013211
A,0.9966861972913265,0.00024013063106329843,0.0024013063106329844,0.0002641436941696283,0.0,0.00040822207280760735,192,25,0.9964434919007905,0.00031061206106633123,0.002779977946543664,0.00031061206106633123,0.0,0.00015530603053316562,0.9965648445960584,0.00027537134606481483,0.0025906421285883242,0.00028737787761797976,0.0,0.0002817640516703865
G,0.000768418019402555,0.00021611756795696858,0.9981029680146,0.0007083853616367304,0.0,0.00020411103640380368,193,26,0.0008075913587724611,0.00021742844274643184,0.9981207970305487,0.0008386525648790943,0.0,1.553060305331656e-05,0.0007880046890875081,0.00021677300535170022,0.9981118825225743,0.0007735189632579124,0.0,0.00010982081972856013
G,0.0009485159927000288,0.00014407837863797906,0.9978388243204304,0.0008644702718278743,0.0,0.00020411103640380368,194,27,0.0007299383435058783,0.00015530603053316562,0.9982761030610818,0.0008075913587724611,0.0,3.106120610663312e-05,0.0008392271681029535,0.00014969220458557232,0.9980574636907561,0.0008360308153001677,0.0,0.0001175861212552184
C,0.0007804245509557199,0.9974906349053886,0.0010445682451253482,0.0005402939198924215,0.0,0.00014407837863797906,195,28,0.0007144077404525618,0.9980120828091755,0.0007299383435058783,0.000528040503812763,0.0,1.553060305331656e-05,0.0007474161457041409,0.9977513588572821,0.0008872532943156133,0.0005341672118525922,0.0,7.980449084564782e-05
A,0.9966621842282202,0.00030016328882912305,0.0027014695994621073,0.00030016328882912305,0.0,3.6019594659494764e-05,196,29,0.9967851651679634,0.0002640202519063815,0.0025159576946372827,0.0004037956793862306,0.0,3.106120610663312e-05,0.9967236746980919,0.0002820917703677523,0.002608713647049695,0.0003519794841076768,0.0,3.3540400383063944e-05
G,0.0007924310825088848,0.000156084910191144,0.9980669484199405,0.0009485159927000288,0.0,3.6019594659494764e-05,197,30,0.0005901629160260293,0.0002329590457997484,0.9981829194427619,0.0009628973893056268,0.0,3.106120610663312e-05,0.0006912969992674571,0.0001945219779954462,0.9981249339313512,0.0009557066910028278,0.0,3.3540400383063944e-05
T,0.00040822207280760735,0.00151282297569878,0.00034818941504178273,0.9977067524733455,0.0,2.4013063106329843e-05,198,31,0.0003727344732795974,0.0014754072900650733,0.000388265076332914,0.9977325319542157,0.0,3.106120610663312e-05,0.00039047827304360236,0.0014941151328819267,0.00036822724568734834,0.9977196422137806,0.0,2.7537134606481483e-05
C,0.0004922677936797618,0.9986432619344924,0.00030016328882912305,0.0005402939198924215,0.0,2.4013063106329843e-05,199,32,0.00049697929770613,0.9984469396946684,0.00045038748854618025,0.0005591017099193962,0.0,4.659180915994968e-05,0.0004946235456929459,0.9985451008145804,0.0003752753886876516,0.0005496978149059088,0.0,3.530243613313976e-05
T,0.0009124963980405341,0.0013087119392949764,0.0011526270291038324,0.9966261646335607,0.0,0.0,200,33,0.0005435711068660796,0.0017083663358648216,0.000776530152665828,0.9969249405954433,0.0,4.659180915994968e-05,0.0007280337524533068,0.001508539137579899,0.0009645785908848302,0.996775552614502,0.0,2.329590457997484e-05
G,0.0008044376140620498,0.00021611756795696858,0.9978988569781961,0.001080587839784843,0.0,0.0,201,34,0.0006678159312926121,9.318361831989936e-05,0.9979810216030689,0.0012269176412120083,0.0,3.106120610663312e-05,0.0007361267726773309,0.00015465059313843398,0.9979399392906325,0.0011537527404984257,0.0,1.553060305331656e-05
G,0.0005883200461050812,0.00021611756795696858,0.9982830659878974,0.0008524637402747094,0.0,6.0032657765824606e-05,202,35,0.0006056935190793458,0.0001242448244265325,0.9983537560763485,0.0008386525648790943,0.0,7.765301526658281e-05,0.0005970067825922134,0.00017018119619175055,0.9983184110321229,0.0008455581525769018,0.0,6.884283651620371e-05
C,0.00040822207280760735,0.9986552684660456,0.00040822207280760735,0.0005282873883392566,0.0,0.0,203,36,0.00032614266411964775,0.9985401233129882,0.0005746323129727127,0.000528040503812763,0.0,3.106120610663312e-05,0.0003671823684636275,0.9985976958895169,0.00049142719289016,0.0005281639460760097,0.0,1.553060305331656e-05
T,0.0005883200461050812,0.0018129862645279032,0.0006963788300835655,0.9969023148592835,0.0,0.0,204,37,0.000388265076332914,0.0014598766870117567,0.0007144077404525618,0.9974374504962028,0.0,0.0,0.0004882925612189976,0.00163643147576983,0.0007053932852680636,0.9971698826777431,0.0,0.0
G,0.000768418019402555,0.00022812409951013352,0.9981389876092595,0.0008644702718278743,0.0,0.0,205,38,0.0007454689465591948,0.00015530603053316562,0.9983071642671885,0.000776530152665828,0.0,1.553060305331656e-05,0.0007569434829808749,0.00019171506502164957,0.998223075938224,0.0008205002122468512,0.0,7.76530152665828e-06
C,0.0005763135145519162,0.9986432619344924,0.00043223513591393717,0.00034818941504178273,0.0,0.0,206,39,0.00043485688549286367,0.9986333069313081,0.0004659180915994968,0.0004659180915994968,0.0,0.0,0.00050558520002239,0.9986382844329003,0.00044907661375671697,0.0004070537533206398,0.0,0.0
T,0.0004442416674671021,0.0017289405436557487,0.0006963788300835655,0.9971184324272404,0.0,1.2006531553164921e-05,207,40,0.0003572038702262809,0.0017083663358648216,0.0007609995496125115,0.997157899641243,0.0,1.553060305331656e-05,0.0004007227688466915,0.0017186534397602852,0.0007286891898480385,0.9971381660342418,0.0,1.3768567303240741e-05
G,0.0011406204975506675,0.00019210450485063874,0.9978388243204304,0.0008164441456152147,0.0,1.2006531553164921e-05,208,41,0.0010871422137321593,9.318361831989936e-05,0.9979499603969623,0.0008541831679324108,0.0,1.553060305331656e-05,0.0011138813556414134,0.00014264406158526904,0.9978943923586963,0.0008353136567738127,0.0,1.3768567303240741e-05
C,0.0005282873883392566,0.9984631639611949,0.0004202286043607723,0.0005523004514455864,0.0,3.6019594659494764e-05,209,42,0.000388265076332914,0.9985090621068816,0.00043485688549286367,0.000636754725185979,0.0,3.106120610663312e-05,0.0004582762323360853,0.9984861130340383,0.000427542744926818,0.0005945275883157827,0.0,3.3540400383063944e-05
A,0.997310536932091,0.0002761502257227932,0.0021251560849101913,0.0002641436941696283,0.0,2.4013063106329843e-05,210,43,0.9973442668778829,0.00032614266411964775,0.0019568559847178866,0.00032614266411964775,0.0,4.659180915994968e-05,0.9973274019049869,0.0003011464449212205,0.002041006034814039,0.000295143179144638,0.0,3.530243613313976e-05
A,0.9972985304005378,0.00018009797329747383,0.002005090769378542,0.0004202286043607723,0.0,9.605225242531937e-05,211,44,0.9968783487862833,0.00017083663358648216,0.0024383046793707,0.00041932628243954715,0.0,9.318361831989936e-05,0.9970884395934105,0.00017546730344197798,0.002221697724374621,0.0004197774434001597,0.0,9.461793537260936e-05
G,0.0021131495533570264,7.203918931898953e-05,0.9972985304005378,0.0005042743252329267,0.0,1.2006531553164921e-05,212,45,0.001692835732811505,0.00010871422137321592,0.9975306341145227,0.0006678159312926121,0.0,0.0,0.0019029926430842656,9.037670534610272e-05,0.9974145822575302,0.0005860451282627694,0.0,6.003265776582461e-06
A,0.9980549418883873,9.605225242531937e-05,0.00153683603880511,0.00018009797329747383,0.0,0.00013207184708481415,213,46,0.9975306341145227,0.00013977542747984904,0.0018947335725046203,0.0002795508549596981,0.0,0.00015530603053316562,0.997792788001455,0.0001179138399525842,0.001715784805654865,0.00022982441412858597,0.0,0.00014368893880898988
G,0.0024013063106329844,0.00012006531553164921,0.9969263279223898,0.0005523004514455864,0.0,0.0,214,47,0.0024227740763173833,9.318361831989936e-05,0.9967541039618568,0.0007144077404525618,0.0,1.553060305331656e-05,0.0024120401934751836,0.00010662446692577429,0.9968402159421232,0.000633354095949074,0.0,7.76530152665828e-06
G,0.0028935741043127463,7.203918931898953e-05,0.9955095571991163,0.0007444049562962251,0.0,0.0007804245509557199,215,48,0.002966345183183463,7.765301526658281e-05,0.9952321048626318,0.0009784279923589433,0.0,0.0007454689465591948,0.0029299596437481045,7.484610229278616e-05,0.995370831030874,0.0008614164743275842,0.0,0.0007629467487574573
A,0.9977907981942177,0.000156084910191144,0.001836999327634233,0.00021611756795696858,0.0,0.0,216,49,0.9979654910000155,7.765301526658281e-05,0.0017860193511314044,0.00017083663358648216,0.0,0.0,0.9978781445971165,0.0001168689627288634,0.0018115093393828187,0.0001934771007717254,0.0,0.0
A,0.9973225434636442,0.00013207184708481415,0.00226923446354817,0.0002761502257227932,0.0,0.0,217,50,0.997157899641243,9.318361831989936e-05,0.00248489648853065,0.0002640202519063815,0.0,0.0,0.9972402215524436,0.00011262773270235676,0.00237706547603941,0.00027008523881458734,0.0,0.0
A,0.9975026414369417,0.00012006531553164921,0.002161175679569686,0.000156084910191144,0.0,6.0032657765824606e-05,218,51,0.99690940999239,7.765301526658281e-05,0.002655733122117132,0.0002640202519063815,0.0,9.318361831989936e-05,0.9972060257146658,9.8859165399116e-05,0.002408454400843409,0.00021005258104876275,0.0,7.660813804286198e-05
A,0.9958817596772644,0.00013207184708481415,0.0028215349149937567,0.00019210450485063874,0.0,0.0009725290558063586,219,52,0.995977573809191,0.00015530603053316562,0.0026246719160104987,0.000248489648853065,0.0,0.00099395859541226,0.9959296667432278,0.00014368893880898988,0.0027231034155021277,0.00022029707685185186,0.0,0.0009832438256093092
G,0.001392757660167131,0.00010805878397848429,0.9974786283738354,0.0007804245509557199,0.0,0.00024013063106329843,220,53,0.0015375297022783394,0.00015530603053316562,0.9972976750687229,0.0008541831679324108,0.0,0.00015530603053316562,0.0014651436812227353,0.00013168240725582495,0.9973881517212791,0.0008173038594440653,0.0,0.000197718330798232
T,0.0009365094611468639,0.0007444049562962251,0.001524829507251945,0.9965541254442417,0.0,0.00024013063106329843,221,54,0.0013511624656385407,0.000776530152665828,0.002376182267157434,0.9953408190840051,0.0,0.00015530603053316562,0.0011438359633927024,0.0007604675544810265,0.0019505058872046894,0.9959474722641234,0.0,0.000197718330798232
G,0.0014527903179329556,0.00013207184708481415,0.9974306022476227,0.000924502929593699,0.0,6.0032657765824606e-05,222,55,0.0018792029694513037,0.00010871422137321592,0.9970025936107099,0.0009784279923589433,0.0,3.106120610663312e-05,0.0016659966436921296,0.00012039303422901503,0.9972165979291663,0.0009514654609763212,0.0,4.5546931936228865e-05
G,0.0016929209489962539,0.00010805878397848429,0.9970704063010277,0.0011046009028911727,0.0,2.4013063106329843e-05,223,56,0.001770488748078088,0.00015530603053316562,0.9969870630076566,0.0010871422137321593,0.0,0.0,0.0017317048485371708,0.00013168240725582495,0.9970287346543422,0.001095871558311666,0.0,1.2006531553164921e-05
G,0.0017049274805494188,0.00013207184708481415,0.9971304389587936,0.0009605225242531937,0.0,7.203918931898953e-05,224,57,0.0014754072900650733,0.00015530603053316562,0.9975616953206293,0.0007609995496125115,0.0,4.659180915994968e-05,0.0015901673853072461,0.00014368893880898988,0.9973460671397114,0.0008607610369328526,0.0,5.93154992394696e-05
G,0.001380751128613966,0.00010805878397848429,0.9947771587743732,0.0011646335606569974,0.0,0.0025693977523772935,225,58,0.0012579788473186413,0.0002329590457997484,0.995045737625992,0.0011182034198387923,0.0,0.0023451210610508006,0.0013193649879663038,0.00017050891488911636,0.9949114482001826,0.0011414184902478947,0.0,0.002457259406714047
A,0.9965181058495822,0.00037220247814811255,0.0021851887426760155,0.0007444049562962251,0.0,0.00018009797329747383,226,59,0.9964745531068971,0.0002640202519063815,0.0026246719160104987,0.00049697929770613,0.0,0.00013977542747984904,0.9964963294782396,0.000318111365027247,0.002404930329343257,0.0006206921270011775,0.0,0.00015993670038866144
T,0.0010925943713380078,0.0006483527038709057,0.0015848621650177697,0.9966621842282202,0.0,1.2006531553164921e-05,227,60,0.0012269176412120083,0.0005591017099193962,0.0020345089999844693,0.9961639410458308,0.0,1.553060305331656e-05,0.001159756006275008,0.0006037272068951509,0.0018096855825011195,0.9964130626370256,0.0,1.3768567303240741e-05
C,0.0009365094611468639,0.9977787916626645,0.0005282873883392566,0.00075641148784939,0.0,0.0,228,61,0.0008075913587724611,0.9979344297939089,0.0006833465343459287,0.0005746323129727127,0.0,0.0,0.0008720504099596625,0.9978566107282867,0.0006058169613425927,0.0006655219004110514,0.0,0.0
C,0.001849005859187398,0.996650177696667,0.0009004898664873691,0.0006003265776582461,0.0,0.0,229,62,0.0015685909083849726,0.9968472875801767,0.0007609995496125115,0.0008231219618257777,0.0,0.0,0.0017087983837861852,0.9967487326384219,0.0008307447080499403,0.0007117242697420119,0.0,0.0
A,0.9948491979636922,0.0017049274805494188,0.002581404283930458,0.0008644702718278743,0.0,0.0,230,63,0.9944866359160727,0.0017083663358648216,0.002873161564863564,0.0009318361831989936,0.0,0.0,0.9946679169398824,0.0017066469082071202,0.002727282924397011,0.0008981532275134339,0.0,0.0
